               epoch,      train/box_loss,      train/obj_loss,      train/cls_loss,   metrics/precision,      metrics/recall,     metrics/mAP_0.5,metrics/mAP_0.5:0.95,        val/box_loss,        val/obj_loss,        val/cls_loss,               x/lr0,               x/lr1,               x/lr2
                   0,             0.12362,            0.044922,                   0,                   0,                   0,                   0,                   0,             0.10821,             0.05887,                   0,                 0.1,                   0,                   0
                   1,             0.12017,            0.046806,                   0,                   0,                   0,                   0,                   0,             0.10825,            0.058797,                   0,              0.0991,          9.9505e-05,          9.9505e-05
                   2,             0.11779,            0.050781,                   0,                   0,                   0,                   0,                   0,             0.10815,            0.058853,                   0,            0.098198,          0.00019802,          0.00019802
                   3,             0.12151,            0.044603,                   0,                   0,                   0,                   0,                   0,             0.10806,            0.058897,                   0,            0.097296,          0.00029554,          0.00029554
                   4,             0.12228,            0.045796,                   0,                   0,                   0,                   0,                   0,             0.10795,            0.058968,                   0,            0.096392,          0.00039208,          0.00039208
                   5,              0.1192,            0.037604,                   0,                   0,                   0,                   0,                   0,             0.10795,            0.058968,                   0,            0.095488,          0.00048762,          0.00048762
                   6,             0.11968,            0.049227,                   0,                   0,                   0,                   0,                   0,             0.10781,            0.059046,                   0,            0.094582,          0.00058218,          0.00058218
                   7,             0.11856,            0.055506,                   0,                   0,                   0,                   0,                   0,             0.10781,            0.059046,                   0,            0.093676,          0.00067574,          0.00067574
                   8,              0.1152,             0.05225,                   0,                   0,                   0,                   0,                   0,             0.10766,            0.059135,                   0,            0.092768,          0.00076832,          0.00076832
                   9,             0.11414,            0.046787,                   0,                   0,                   0,                   0,                   0,             0.10766,            0.059135,                   0,             0.09186,          0.00085991,          0.00085991
                  10,             0.11555,            0.034856,                   0,                   0,                   0,                   0,                   0,             0.10751,             0.05922,                   0,            0.090951,           0.0009505,           0.0009505
                  11,             0.11908,            0.043905,                   0,                   0,                   0,                   0,                   0,             0.10751,             0.05922,                   0,             0.09004,           0.0010401,           0.0010401
                  12,             0.12136,             0.04751,                   0,                   0,                   0,                   0,                   0,             0.10737,            0.059305,                   0,            0.089129,           0.0011287,           0.0011287
                  13,             0.11906,            0.043337,                   0,                   0,                   0,                   0,                   0,             0.10737,            0.059305,                   0,            0.088216,           0.0012163,           0.0012163
                  14,             0.12409,            0.041532,                   0,                   0,                   0,                   0,                   0,             0.10737,            0.059305,                   0,            0.087303,            0.001303,            0.001303
                  15,             0.12189,            0.029624,                   0,                   0,                   0,                   0,                   0,             0.10722,            0.059394,                   0,            0.086389,           0.0013886,           0.0013886
                  16,             0.12266,            0.042267,                   0,                   0,                   0,                   0,                   0,             0.10722,            0.059394,                   0,            0.085473,           0.0014733,           0.0014733
                  17,             0.11599,            0.040191,                   0,                   0,                   0,                   0,                   0,             0.10722,            0.059394,                   0,            0.084557,           0.0015569,           0.0015569
                  18,             0.12251,            0.048937,                   0,                   0,                   0,                   0,                   0,              0.1071,            0.059459,                   0,             0.08364,           0.0016396,           0.0016396
                  19,             0.11405,            0.048685,                   0,                   0,                   0,                   0,                   0,              0.1071,            0.059459,                   0,            0.082721,           0.0017213,           0.0017213
                  20,             0.11224,             0.04812,                   0,                   0,                   0,                   0,                   0,              0.1071,            0.059459,                   0,            0.081802,            0.001802,            0.001802
                  21,             0.12045,            0.047401,                   0,           0.0033333,              0.0625,           0.0020119,          0.00020119,             0.10698,            0.059525,                   0,            0.080882,           0.0018817,           0.0018817
                  22,             0.11678,            0.040379,                   0,           0.0033333,              0.0625,           0.0020119,          0.00020119,             0.10698,            0.059525,                   0,             0.07996,           0.0019604,           0.0019604
                  23,              0.1228,            0.040159,                   0,           0.0033333,              0.0625,           0.0020119,          0.00020119,             0.10698,            0.059525,                   0,            0.079038,           0.0020381,           0.0020381
                  24,             0.11469,            0.037944,                   0,           0.0033333,              0.0625,           0.0020119,          0.00020119,             0.10698,            0.059525,                   0,            0.078115,           0.0021149,           0.0021149
                  25,             0.11852,            0.049677,                   0,           0.0033333,              0.0625,           0.0020087,          0.00020087,             0.10686,            0.059591,                   0,            0.077191,           0.0021906,           0.0021906
                  26,             0.11478,             0.04381,                   0,           0.0033333,              0.0625,           0.0020087,          0.00020087,             0.10686,            0.059591,                   0,            0.076265,           0.0022654,           0.0022654
                  27,             0.11418,            0.048724,                   0,           0.0033333,              0.0625,           0.0020087,          0.00020087,             0.10686,            0.059591,                   0,            0.075339,           0.0023391,           0.0023391
                  28,             0.11603,            0.054267,                   0,           0.0033333,              0.0625,           0.0020087,          0.00020087,             0.10686,            0.059591,                   0,            0.074412,           0.0024119,           0.0024119
                  29,             0.11721,             0.05643,                   0,           0.0033333,              0.0625,           0.0020087,          0.00020087,             0.10673,            0.059659,                   0,            0.073484,           0.0024837,           0.0024837
                  30,             0.11984,            0.054001,                   0,           0.0033333,              0.0625,           0.0020087,          0.00020087,             0.10673,            0.059659,                   0,            0.072554,           0.0025545,           0.0025545
                  31,              0.1182,            0.049177,                   0,           0.0033333,              0.0625,           0.0020087,          0.00020087,             0.10673,            0.059659,                   0,            0.071624,           0.0026243,           0.0026243
                  32,             0.11304,            0.049829,                   0,           0.0033333,              0.0625,           0.0020087,          0.00020087,             0.10673,            0.059659,                   0,            0.070693,           0.0026931,           0.0026931
                  33,             0.12849,            0.040794,                   0,           0.0033333,              0.0625,           0.0020087,          0.00020087,             0.10673,            0.059659,                   0,            0.069761,           0.0027609,           0.0027609
                  34,             0.11854,            0.051678,                   0,           0.0033333,              0.0625,           0.0020286,          0.00020286,             0.10664,            0.059688,                   0,            0.068828,           0.0028278,           0.0028278
                  35,             0.11675,            0.050571,                   0,           0.0033333,              0.0625,           0.0020286,          0.00020286,             0.10664,            0.059688,                   0,            0.067894,           0.0028936,           0.0028936
                  36,             0.11045,            0.058499,                   0,           0.0033333,              0.0625,           0.0020286,          0.00020286,             0.10664,            0.059688,                   0,            0.066958,           0.0029585,           0.0029585
                  37,             0.11713,            0.050557,                   0,           0.0033333,              0.0625,           0.0020286,          0.00020286,             0.10664,            0.059688,                   0,            0.066022,           0.0030223,           0.0030223
                  38,             0.11646,            0.047052,                   0,           0.0033333,              0.0625,           0.0020286,          0.00020286,             0.10664,            0.059688,                   0,            0.065085,           0.0030852,           0.0030852
                  39,             0.11462,            0.060394,                   0,           0.0033333,              0.0625,           0.0020286,          0.00020286,             0.10664,            0.059688,                   0,            0.064147,           0.0031471,           0.0031471
                  40,             0.11579,            0.040685,                   0,           0.0033333,              0.0625,           0.0020055,          0.00020055,             0.10652,            0.059732,                   0,            0.063208,            0.003208,            0.003208
                  41,             0.11414,            0.041962,                   0,           0.0033333,              0.0625,           0.0020055,          0.00020055,             0.10652,            0.059732,                   0,            0.062268,           0.0032679,           0.0032679
                  42,             0.11138,            0.066506,                   0,           0.0033333,              0.0625,           0.0020055,          0.00020055,             0.10652,            0.059732,                   0,            0.061327,           0.0033268,           0.0033268
                  43,             0.11143,            0.053942,                   0,           0.0033333,              0.0625,           0.0020055,          0.00020055,             0.10652,            0.059732,                   0,            0.060385,           0.0033847,           0.0033847
                  44,             0.11838,            0.048949,                   0,           0.0033333,              0.0625,           0.0020055,          0.00020055,             0.10652,            0.059732,                   0,            0.059442,           0.0034417,           0.0034417
                  45,             0.11988,            0.038596,                   0,           0.0033333,              0.0625,           0.0020055,          0.00020055,             0.10652,            0.059732,                   0,            0.058498,           0.0034976,           0.0034976
                  46,             0.11456,            0.042208,                   0,           0.0033333,              0.0625,           0.0020503,          0.00020503,             0.10642,            0.059755,                   0,            0.057553,           0.0035526,           0.0035526
                  47,               0.115,            0.037998,                   0,           0.0033333,              0.0625,           0.0020503,          0.00020503,             0.10642,            0.059755,                   0,            0.056607,           0.0036065,           0.0036065
                  48,             0.11733,            0.036923,                   0,           0.0033333,              0.0625,           0.0020503,          0.00020503,             0.10642,            0.059755,                   0,             0.05566,           0.0036595,           0.0036595
                  49,             0.11558,            0.050696,                   0,           0.0033333,              0.0625,           0.0020503,          0.00020503,             0.10642,            0.059755,                   0,            0.054712,           0.0037115,           0.0037115
                  50,             0.12129,            0.035813,                   0,           0.0033333,              0.0625,           0.0020503,          0.00020503,             0.10642,            0.059755,                   0,            0.053763,           0.0037625,           0.0037625
                  51,              0.1185,            0.038595,                   0,           0.0033333,              0.0625,           0.0020503,          0.00020503,             0.10642,            0.059755,                   0,            0.052813,           0.0038125,           0.0038125
                  52,             0.11367,            0.043924,                   0,           0.0033333,              0.0625,           0.0020503,          0.00020503,             0.10642,            0.059755,                   0,            0.051862,           0.0038615,           0.0038615
                  53,             0.11295,            0.042356,                   0,           0.0033333,              0.0625,           0.0020826,          0.00020826,             0.10635,            0.059746,                   0,             0.05091,           0.0039095,           0.0039095
                  54,             0.11606,            0.047092,                   0,           0.0033333,              0.0625,           0.0020826,          0.00020826,             0.10635,            0.059746,                   0,            0.049957,           0.0039566,           0.0039566
                  55,             0.11654,            0.049828,                   0,           0.0033333,              0.0625,           0.0020826,          0.00020826,             0.10635,            0.059746,                   0,            0.049003,           0.0040026,           0.0040026
                  56,               0.109,             0.05565,                   0,           0.0033333,              0.0625,           0.0020826,          0.00020826,             0.10635,            0.059746,                   0,            0.048048,           0.0040477,           0.0040477
                  57,             0.11043,            0.052255,                   0,           0.0033333,              0.0625,           0.0020826,          0.00020826,             0.10635,            0.059746,                   0,            0.047092,           0.0040917,           0.0040917
                  58,             0.11507,            0.059329,                   0,           0.0033333,              0.0625,           0.0020826,          0.00020826,             0.10635,            0.059746,                   0,            0.046135,           0.0041348,           0.0041348
                  59,              0.1103,            0.042108,                   0,           0.0033333,              0.0625,           0.0020826,          0.00020826,             0.10635,            0.059746,                   0,            0.045177,           0.0041769,           0.0041769
                  60,             0.11142,            0.051383,                   0,           0.0033333,              0.0625,           0.0020826,          0.00020826,             0.10635,            0.059746,                   0,            0.044218,            0.004218,            0.004218
                  61,             0.11518,            0.031002,                   0,           0.0033333,              0.0625,           0.0020826,          0.00020826,             0.10633,            0.059694,                   0,            0.043258,           0.0042581,           0.0042581
                  62,             0.10796,            0.064313,                   0,           0.0033333,              0.0625,           0.0020826,          0.00020826,             0.10633,            0.059694,                   0,            0.042297,           0.0042972,           0.0042972
                  63,             0.11005,            0.049119,                   0,           0.0033333,              0.0625,           0.0020826,          0.00020826,             0.10633,            0.059694,                   0,            0.041335,           0.0043353,           0.0043353
                  64,             0.11209,            0.056896,                   0,           0.0033333,              0.0625,           0.0020826,          0.00020826,             0.10633,            0.059694,                   0,            0.040372,           0.0043725,           0.0043725
                  65,             0.11359,            0.074503,                   0,           0.0033333,              0.0625,           0.0020826,          0.00020826,             0.10633,            0.059694,                   0,            0.039409,           0.0044086,           0.0044086
                  66,             0.10984,            0.058197,                   0,           0.0033333,              0.0625,           0.0020826,          0.00020826,             0.10633,            0.059694,                   0,            0.038444,           0.0044438,           0.0044438
                  67,             0.11345,            0.065443,                   0,           0.0033333,              0.0625,           0.0020826,          0.00020826,             0.10633,            0.059694,                   0,            0.037478,           0.0044779,           0.0044779
                  68,             0.11044,            0.064518,                   0,           0.0033333,              0.0625,           0.0020826,          0.00020826,             0.10633,            0.059694,                   0,            0.036511,           0.0045111,           0.0045111
                  69,             0.11139,            0.049626,                   0,           0.0033333,              0.0625,           0.0020826,          0.00020826,             0.10633,            0.059694,                   0,            0.035543,           0.0045433,           0.0045433
                  70,              0.1107,            0.059898,                   0,           0.0033333,              0.0625,           0.0021097,          0.00042194,             0.10633,            0.059615,                   0,            0.034574,           0.0045745,           0.0045745
                  71,             0.10902,            0.037095,                   0,           0.0033333,              0.0625,           0.0021097,          0.00042194,             0.10633,            0.059615,                   0,            0.033605,           0.0046047,           0.0046047
                  72,             0.10735,            0.047779,                   0,           0.0033333,              0.0625,           0.0021097,          0.00042194,             0.10633,            0.059615,                   0,            0.032634,           0.0046339,           0.0046339
                  73,              0.1075,            0.047023,                   0,           0.0033333,              0.0625,           0.0021097,          0.00042194,             0.10633,            0.059615,                   0,            0.031662,           0.0046621,           0.0046621
                  74,             0.10946,            0.052775,                   0,           0.0033333,              0.0625,           0.0021097,          0.00042194,             0.10633,            0.059615,                   0,            0.030689,           0.0046894,           0.0046894
                  75,             0.10973,            0.061252,                   0,           0.0033333,              0.0625,           0.0021097,          0.00042194,             0.10633,            0.059615,                   0,            0.029716,           0.0047156,           0.0047156
                  76,             0.10739,            0.055166,                   0,           0.0033333,              0.0625,           0.0021097,          0.00042194,             0.10633,            0.059615,                   0,            0.028741,           0.0047409,           0.0047409
                  77,             0.10811,            0.050785,                   0,           0.0033333,              0.0625,           0.0021097,          0.00042194,             0.10633,            0.059615,                   0,            0.027765,           0.0047651,           0.0047651
                  78,             0.11399,            0.042278,                   0,           0.0033333,              0.0625,           0.0021097,          0.00042194,             0.10633,            0.059615,                   0,            0.026788,           0.0047884,           0.0047884
                  79,             0.10923,            0.070511,                   0,           0.0033333,              0.0625,           0.0021097,          0.00042194,             0.10633,            0.059615,                   0,            0.025811,           0.0048107,           0.0048107
                  80,             0.10648,            0.050544,                   0,           0.0033333,              0.0625,           0.0023373,          0.00046745,             0.10627,             0.05959,                   0,            0.024832,            0.004832,            0.004832
                  81,             0.10564,            0.046837,                   0,           0.0033333,              0.0625,           0.0023373,          0.00046745,             0.10627,             0.05959,                   0,            0.023852,           0.0048523,           0.0048523
                  82,             0.10685,            0.052169,                   0,           0.0033333,              0.0625,           0.0023373,          0.00046745,             0.10627,             0.05959,                   0,            0.022872,           0.0048716,           0.0048716
                  83,             0.10765,             0.05126,                   0,           0.0033333,              0.0625,           0.0023373,          0.00046745,             0.10627,             0.05959,                   0,             0.02189,           0.0048899,           0.0048899
                  84,             0.10641,            0.060856,                   0,           0.0033333,              0.0625,           0.0023373,          0.00046745,             0.10627,             0.05959,                   0,            0.020907,           0.0049073,           0.0049073
                  85,             0.11111,            0.056802,                   0,           0.0033333,              0.0625,           0.0023373,          0.00046745,             0.10627,             0.05959,                   0,            0.019924,           0.0049236,           0.0049236
                  86,             0.10828,             0.05614,                   0,           0.0033333,              0.0625,           0.0023373,          0.00046745,             0.10627,             0.05959,                   0,            0.018939,            0.004939,            0.004939
                  87,             0.11052,            0.052293,                   0,           0.0033333,              0.0625,           0.0023373,          0.00046745,             0.10627,             0.05959,                   0,            0.017953,           0.0049533,           0.0049533
                  88,             0.10911,            0.065264,                   0,           0.0033333,              0.0625,           0.0023373,          0.00046745,             0.10627,             0.05959,                   0,            0.016967,           0.0049667,           0.0049667
                  89,             0.11057,            0.050227,                   0,           0.0033333,              0.0625,           0.0023373,          0.00046745,             0.10627,             0.05959,                   0,            0.015979,           0.0049791,           0.0049791
                  90,             0.11494,            0.040148,                   0,           0.0033333,              0.0625,           0.0023373,          0.00046745,             0.10627,             0.05959,                   0,             0.01499,           0.0049905,           0.0049905
                  91,             0.10924,            0.052332,                   0,           0.0033333,              0.0625,           0.0023373,          0.00046745,             0.10627,             0.05959,                   0,            0.014001,           0.0050009,           0.0050009
                  92,             0.11259,            0.062517,                   0,           0.0033333,              0.0625,           0.0026197,          0.00052394,             0.10607,            0.059727,                   0,             0.01301,           0.0050103,           0.0050103
                  93,             0.10823,            0.045879,                   0,           0.0033333,              0.0625,           0.0026197,          0.00052394,             0.10607,            0.059727,                   0,            0.012019,           0.0050187,           0.0050187
                  94,             0.10697,            0.052207,                   0,           0.0033333,              0.0625,           0.0026197,          0.00052394,             0.10607,            0.059727,                   0,            0.011026,           0.0050262,           0.0050262
                  95,             0.10606,            0.054294,                   0,           0.0033333,              0.0625,           0.0026197,          0.00052394,             0.10607,            0.059727,                   0,            0.010033,           0.0050326,           0.0050326
                  96,             0.10705,             0.06465,                   0,           0.0033333,              0.0625,           0.0026197,          0.00052394,             0.10607,            0.059727,                   0,           0.0090381,           0.0050381,           0.0050381
                  97,             0.10903,            0.057633,                   0,           0.0033333,              0.0625,           0.0026197,          0.00052394,             0.10607,            0.059727,                   0,           0.0080425,           0.0050425,           0.0050425
                  98,             0.10749,            0.053138,                   0,           0.0033333,              0.0625,           0.0026197,          0.00052394,             0.10607,            0.059727,                   0,            0.007046,            0.005046,            0.005046
                  99,              0.1094,            0.053442,                   0,           0.0033333,              0.0625,           0.0026197,          0.00052394,             0.10607,            0.059727,                   0,           0.0060485,           0.0050485,           0.0050485
                 100,             0.11193,            0.041514,                   0,           0.0033333,              0.0625,           0.0026197,          0.00052394,             0.10607,            0.059727,                   0,             0.00505,             0.00505,             0.00505
                 101,             0.10691,            0.053845,                   0,           0.0033333,              0.0625,           0.0026197,          0.00052394,             0.10607,            0.059727,                   0,             0.00505,             0.00505,             0.00505
                 102,             0.11183,             0.06127,                   0,           0.0033333,              0.0625,           0.0026197,          0.00052394,             0.10607,            0.059727,                   0,           0.0050005,           0.0050005,           0.0050005
                 103,             0.11191,            0.056078,                   0,           0.0033333,              0.0625,           0.0026197,          0.00052394,             0.10607,            0.059727,                   0,            0.004951,            0.004951,            0.004951
                 104,             0.10433,             0.05171,                   0,           0.0033333,              0.0625,           0.0026197,          0.00052394,             0.10607,            0.059727,                   0,           0.0049015,           0.0049015,           0.0049015
                 105,             0.10882,            0.045712,                   0,           0.0033333,              0.0625,           0.0028041,          0.00084124,             0.10544,            0.060295,                   0,            0.004852,            0.004852,            0.004852
                 106,             0.10408,            0.046718,                   0,           0.0033333,              0.0625,           0.0028041,          0.00084124,             0.10544,            0.060295,                   0,           0.0048025,           0.0048025,           0.0048025
                 107,             0.10943,            0.056738,                   0,           0.0033333,              0.0625,           0.0028041,          0.00084124,             0.10544,            0.060295,                   0,            0.004753,            0.004753,            0.004753
                 108,             0.10781,            0.055585,                   0,           0.0033333,              0.0625,           0.0028041,          0.00084124,             0.10544,            0.060295,                   0,           0.0047035,           0.0047035,           0.0047035
                 109,             0.11086,            0.053458,                   0,           0.0033333,              0.0625,           0.0028041,          0.00084124,             0.10544,            0.060295,                   0,            0.004654,            0.004654,            0.004654
                 110,             0.10556,            0.041507,                   0,           0.0033333,              0.0625,           0.0028041,          0.00084124,             0.10544,            0.060295,                   0,           0.0046045,           0.0046045,           0.0046045
                 111,             0.11054,            0.052739,                   0,           0.0033333,              0.0625,           0.0028041,          0.00084124,             0.10544,            0.060295,                   0,            0.004555,            0.004555,            0.004555
                 112,             0.10929,            0.054019,                   0,           0.0033333,              0.0625,           0.0028041,          0.00084124,             0.10544,            0.060295,                   0,           0.0045055,           0.0045055,           0.0045055
                 113,             0.10471,            0.049424,                   0,           0.0033333,              0.0625,           0.0028041,          0.00084124,             0.10544,            0.060295,                   0,            0.004456,            0.004456,            0.004456
                 114,             0.11096,            0.077504,                   0,           0.0033333,              0.0625,           0.0028041,          0.00084124,             0.10544,            0.060295,                   0,           0.0044065,           0.0044065,           0.0044065
                 115,             0.10999,            0.081087,                   0,           0.0033333,              0.0625,           0.0028041,          0.00084124,             0.10544,            0.060295,                   0,            0.004357,            0.004357,            0.004357
                 116,             0.11132,             0.05216,                   0,           0.0033333,              0.0625,           0.0028041,          0.00084124,             0.10544,            0.060295,                   0,           0.0043075,           0.0043075,           0.0043075
                 117,             0.11377,            0.046101,                   0,           0.0033333,              0.0625,           0.0028041,          0.00084124,             0.10544,            0.060295,                   0,            0.004258,            0.004258,            0.004258
                 118,             0.10952,            0.036241,                   0,           0.0033333,              0.0625,           0.0032647,           0.0009794,             0.10433,            0.061356,                   0,           0.0042085,           0.0042085,           0.0042085
                 119,             0.11396,            0.050629,                   0,           0.0033333,              0.0625,           0.0032647,           0.0009794,             0.10433,            0.061356,                   0,            0.004159,            0.004159,            0.004159
                 120,              0.1069,            0.047254,                   0,           0.0033333,              0.0625,           0.0032647,           0.0009794,             0.10433,            0.061356,                   0,           0.0041095,           0.0041095,           0.0041095
                 121,             0.11415,            0.051108,                   0,           0.0033333,              0.0625,           0.0032647,           0.0009794,             0.10433,            0.061356,                   0,             0.00406,             0.00406,             0.00406
                 122,             0.10633,            0.061999,                   0,           0.0033333,              0.0625,           0.0032647,           0.0009794,             0.10433,            0.061356,                   0,           0.0040105,           0.0040105,           0.0040105
                 123,             0.11356,             0.04897,                   0,           0.0033333,              0.0625,           0.0032647,           0.0009794,             0.10433,            0.061356,                   0,            0.003961,            0.003961,            0.003961
                 124,             0.11074,            0.044972,                   0,           0.0033333,              0.0625,           0.0032647,           0.0009794,             0.10433,            0.061356,                   0,           0.0039115,           0.0039115,           0.0039115
                 125,             0.10449,            0.026231,                   0,           0.0033333,              0.0625,           0.0032647,           0.0009794,             0.10433,            0.061356,                   0,            0.003862,            0.003862,            0.003862
                 126,             0.11564,             0.03667,                   0,           0.0033333,              0.0625,           0.0032647,           0.0009794,             0.10433,            0.061356,                   0,           0.0038125,           0.0038125,           0.0038125
                 127,             0.10872,            0.060388,                   0,           0.0033333,              0.0625,           0.0032647,           0.0009794,             0.10433,            0.061356,                   0,            0.003763,            0.003763,            0.003763
                 128,             0.11099,            0.054203,                   0,           0.0033333,              0.0625,           0.0032647,           0.0009794,             0.10433,            0.061356,                   0,           0.0037135,           0.0037135,           0.0037135
                 129,             0.11485,            0.040412,                   0,           0.0033333,              0.0625,           0.0032647,           0.0009794,             0.10433,            0.061356,                   0,            0.003664,            0.003664,            0.003664
                 130,             0.10942,              0.0505,                   0,           0.0033333,              0.0625,           0.0032647,           0.0009794,             0.10433,            0.061356,                   0,           0.0036145,           0.0036145,           0.0036145
                 131,             0.11219,            0.047292,                   0,           0.0033333,              0.0625,            0.023221,             0.01161,             0.10185,            0.063703,                   0,            0.003565,            0.003565,            0.003565
                 132,             0.10989,            0.032743,                   0,           0.0033333,              0.0625,            0.023221,             0.01161,             0.10185,            0.063703,                   0,           0.0035155,           0.0035155,           0.0035155
                 133,             0.11223,            0.059577,                   0,           0.0033333,              0.0625,            0.023221,             0.01161,             0.10185,            0.063703,                   0,            0.003466,            0.003466,            0.003466
                 134,             0.10915,            0.055918,                   0,           0.0033333,              0.0625,            0.023221,             0.01161,             0.10185,            0.063703,                   0,           0.0034165,           0.0034165,           0.0034165
                 135,             0.10876,            0.041001,                   0,           0.0033333,              0.0625,            0.023221,             0.01161,             0.10185,            0.063703,                   0,            0.003367,            0.003367,            0.003367
                 136,             0.11061,            0.066282,                   0,           0.0033333,              0.0625,            0.023221,             0.01161,             0.10185,            0.063703,                   0,           0.0033175,           0.0033175,           0.0033175
                 137,             0.10834,            0.036765,                   0,           0.0033333,              0.0625,            0.023221,             0.01161,             0.10185,            0.063703,                   0,            0.003268,            0.003268,            0.003268
                 138,             0.10712,            0.057893,                   0,           0.0033333,              0.0625,            0.023221,             0.01161,             0.10185,            0.063703,                   0,           0.0032185,           0.0032185,           0.0032185
                 139,             0.10705,            0.059031,                   0,           0.0033333,              0.0625,            0.023221,             0.01161,             0.10185,            0.063703,                   0,            0.003169,            0.003169,            0.003169
                 140,             0.10462,            0.066502,                   0,           0.0033333,              0.0625,            0.023221,             0.01161,             0.10185,            0.063703,                   0,           0.0031195,           0.0031195,           0.0031195
                 141,             0.10957,            0.049722,                   0,           0.0033333,              0.0625,            0.023221,             0.01161,             0.10185,            0.063703,                   0,             0.00307,             0.00307,             0.00307
                 142,             0.11103,            0.047185,                   0,           0.0033333,              0.0625,            0.023221,             0.01161,             0.10185,            0.063703,                   0,           0.0030205,           0.0030205,           0.0030205
                 143,             0.10653,            0.048734,                   0,           0.0033333,              0.0625,            0.023221,             0.01161,             0.10185,            0.063703,                   0,            0.002971,            0.002971,            0.002971
                 144,             0.10571,             0.05487,                   0,           0.0033333,              0.0625,           0.0018841,          0.00037682,            0.099133,            0.066162,                   0,           0.0029215,           0.0029215,           0.0029215
                 145,             0.11449,            0.062764,                   0,           0.0033333,              0.0625,           0.0018841,          0.00037682,            0.099133,            0.066162,                   0,            0.002872,            0.002872,            0.002872
                 146,             0.11208,            0.029634,                   0,           0.0033333,              0.0625,           0.0018841,          0.00037682,            0.099133,            0.066162,                   0,           0.0028225,           0.0028225,           0.0028225
                 147,              0.1117,            0.036584,                   0,           0.0033333,              0.0625,           0.0018841,          0.00037682,            0.099133,            0.066162,                   0,            0.002773,            0.002773,            0.002773
                 148,             0.11051,            0.042645,                   0,           0.0033333,              0.0625,           0.0018841,          0.00037682,            0.099133,            0.066162,                   0,           0.0027235,           0.0027235,           0.0027235
                 149,             0.11003,            0.043445,                   0,           0.0033333,              0.0625,           0.0018841,          0.00037682,            0.099133,            0.066162,                   0,            0.002674,            0.002674,            0.002674
                 150,             0.11509,            0.042223,                   0,           0.0033333,              0.0625,           0.0018841,          0.00037682,            0.099133,            0.066162,                   0,           0.0026245,           0.0026245,           0.0026245
                 151,             0.11404,            0.040883,                   0,           0.0033333,              0.0625,           0.0018841,          0.00037682,            0.099133,            0.066162,                   0,            0.002575,            0.002575,            0.002575
                 152,             0.10864,            0.064314,                   0,           0.0033333,              0.0625,           0.0018841,          0.00037682,            0.099133,            0.066162,                   0,           0.0025255,           0.0025255,           0.0025255
                 153,             0.10942,            0.061424,                   0,           0.0033333,              0.0625,           0.0018841,          0.00037682,            0.099133,            0.066162,                   0,            0.002476,            0.002476,            0.002476
                 154,             0.11447,            0.062562,                   0,           0.0033333,              0.0625,           0.0018841,          0.00037682,            0.099133,            0.066162,                   0,           0.0024265,           0.0024265,           0.0024265
                 155,             0.10671,            0.058963,                   0,           0.0033333,              0.0625,           0.0018841,          0.00037682,            0.099133,            0.066162,                   0,            0.002377,            0.002377,            0.002377
                 156,             0.10904,            0.063711,                   0,           0.0033333,              0.0625,           0.0018841,          0.00037682,            0.099133,            0.066162,                   0,           0.0023275,           0.0023275,           0.0023275
                 157,             0.10972,            0.041358,                   0,           0.0033333,               0.125,            0.024839,           0.0072122,            0.099763,            0.064887,                   0,            0.002278,            0.002278,            0.002278
                 158,             0.10924,            0.065744,                   0,           0.0033333,               0.125,            0.024839,           0.0072122,            0.099763,            0.064887,                   0,           0.0022285,           0.0022285,           0.0022285
                 159,             0.11129,            0.054311,                   0,           0.0033333,               0.125,            0.024839,           0.0072122,            0.099763,            0.064887,                   0,            0.002179,            0.002179,            0.002179
                 160,             0.10835,            0.044545,                   0,           0.0033333,              0.0625,            0.023221,           0.0069662,            0.099763,            0.064887,                   0,           0.0021295,           0.0021295,           0.0021295
                 161,             0.11427,            0.045319,                   0,           0.0033333,               0.125,            0.024839,           0.0072122,            0.099763,            0.064887,                   0,             0.00208,             0.00208,             0.00208
                 162,             0.10994,            0.038589,                   0,           0.0033333,               0.125,            0.024839,           0.0072122,            0.099763,            0.064887,                   0,           0.0020305,           0.0020305,           0.0020305
                 163,             0.11087,            0.055145,                   0,           0.0033333,              0.0625,            0.023221,           0.0069662,            0.099763,            0.064887,                   0,            0.001981,            0.001981,            0.001981
                 164,             0.11353,            0.047781,                   0,           0.0033333,               0.125,            0.024839,           0.0072122,            0.099763,            0.064887,                   0,           0.0019315,           0.0019315,           0.0019315
                 165,             0.10725,            0.052114,                   0,           0.0033333,               0.125,            0.024839,           0.0072122,            0.099763,            0.064887,                   0,            0.001882,            0.001882,            0.001882
                 166,             0.11185,            0.055842,                   0,           0.0033333,               0.125,            0.024839,           0.0072122,            0.099763,            0.064887,                   0,           0.0018325,           0.0018325,           0.0018325
                 167,             0.11069,            0.070606,                   0,           0.0033333,               0.125,            0.024839,           0.0072122,            0.099763,            0.064887,                   0,            0.001783,            0.001783,            0.001783
                 168,             0.10644,            0.058315,                   0,           0.0033333,               0.125,            0.024839,           0.0072122,            0.099763,            0.064887,                   0,           0.0017335,           0.0017335,           0.0017335
                 169,             0.11242,            0.049802,                   0,           0.0033333,               0.125,            0.024839,           0.0072122,            0.099763,            0.064887,                   0,            0.001684,            0.001684,            0.001684
                 170,             0.11092,            0.054297,                   0,               0.005,              0.1875,            0.022283,           0.0060566,             0.10147,              0.0624,                   0,           0.0016345,           0.0016345,           0.0016345
                 171,             0.11251,            0.056673,                   0,               0.005,              0.1875,            0.022283,           0.0060566,             0.10147,              0.0624,                   0,            0.001585,            0.001585,            0.001585
                 172,             0.10748,            0.044613,                   0,               0.005,              0.1875,            0.022283,           0.0060566,             0.10147,              0.0624,                   0,           0.0015355,           0.0015355,           0.0015355
                 173,             0.10518,            0.033755,                   0,               0.005,              0.1875,            0.022283,           0.0060566,             0.10147,              0.0624,                   0,            0.001486,            0.001486,            0.001486
                 174,             0.10949,            0.063368,                   0,               0.005,              0.1875,            0.022283,           0.0060566,             0.10147,              0.0624,                   0,           0.0014365,           0.0014365,           0.0014365
                 175,             0.10739,            0.065597,                   0,               0.005,              0.1875,            0.022283,           0.0060566,             0.10147,              0.0624,                   0,            0.001387,            0.001387,            0.001387
                 176,             0.11613,            0.051381,                   0,               0.005,              0.1875,            0.022283,           0.0060566,             0.10147,              0.0624,                   0,           0.0013375,           0.0013375,           0.0013375
                 177,             0.10434,            0.053025,                   0,           0.0066667,               0.125,            0.020299,           0.0062736,             0.10147,              0.0624,                   0,            0.001288,            0.001288,            0.001288
                 178,             0.10987,            0.062759,                   0,               0.005,              0.1875,            0.022283,           0.0060566,             0.10147,              0.0624,                   0,           0.0012385,           0.0012385,           0.0012385
                 179,             0.10804,            0.069185,                   0,           0.0066667,               0.125,            0.020299,           0.0062736,             0.10147,              0.0624,                   0,            0.001189,            0.001189,            0.001189
                 180,             0.11045,            0.061302,                   0,           0.0066667,               0.125,            0.020299,           0.0062736,             0.10147,              0.0624,                   0,           0.0011395,           0.0011395,           0.0011395
                 181,             0.11143,            0.056431,                   0,           0.0066667,               0.125,            0.020299,           0.0062736,             0.10147,              0.0624,                   0,             0.00109,             0.00109,             0.00109
                 182,             0.11054,            0.040012,                   0,               0.005,              0.1875,            0.022283,           0.0060566,             0.10147,              0.0624,                   0,           0.0010405,           0.0010405,           0.0010405
                 183,             0.10997,            0.039589,                   0,           0.0066667,                0.25,            0.017066,           0.0053741,             0.10417,              0.0603,                   0,            0.000991,            0.000991,            0.000991
                 184,             0.10924,            0.050448,                   0,           0.0066667,                0.25,            0.017066,           0.0053741,             0.10417,              0.0603,                   0,           0.0009415,           0.0009415,           0.0009415
                 185,             0.11234,            0.058342,                   0,           0.0066667,                0.25,            0.017066,           0.0053741,             0.10417,              0.0603,                   0,            0.000892,            0.000892,            0.000892
                 186,              0.1088,            0.033449,                   0,           0.0066667,                0.25,            0.017066,           0.0053741,             0.10417,              0.0603,                   0,           0.0008425,           0.0008425,           0.0008425
                 187,             0.10588,            0.047228,                   0,           0.0066667,                0.25,            0.017066,           0.0053741,             0.10417,              0.0603,                   0,            0.000793,            0.000793,            0.000793
                 188,             0.10656,            0.047637,                   0,           0.0066667,                0.25,            0.017066,           0.0053741,             0.10417,              0.0603,                   0,           0.0007435,           0.0007435,           0.0007435
                 189,             0.10866,            0.064567,                   0,           0.0066667,                0.25,            0.017066,           0.0053741,             0.10417,              0.0603,                   0,            0.000694,            0.000694,            0.000694
                 190,             0.11342,            0.048366,                   0,           0.0066667,                0.25,            0.017066,           0.0053741,             0.10417,              0.0603,                   0,           0.0006445,           0.0006445,           0.0006445
                 191,             0.11117,             0.05529,                   0,                0.01,              0.1875,            0.013729,           0.0042538,             0.10417,              0.0603,                   0,            0.000595,            0.000595,            0.000595
                 192,             0.10994,            0.046933,                   0,           0.0066667,                0.25,            0.017066,           0.0053741,             0.10417,              0.0603,                   0,           0.0005455,           0.0005455,           0.0005455
                 193,             0.11356,            0.043716,                   0,                0.01,              0.1875,            0.013729,           0.0042538,             0.10417,              0.0603,                   0,            0.000496,            0.000496,            0.000496
                 194,             0.10839,            0.061643,                   0,                0.01,              0.1875,            0.013729,           0.0042538,             0.10417,              0.0603,                   0,           0.0004465,           0.0004465,           0.0004465
                 195,             0.10774,            0.043677,                   0,           0.0066667,                0.25,            0.017066,           0.0053741,             0.10417,              0.0603,                   0,            0.000397,            0.000397,            0.000397
                 196,             0.10834,            0.052565,                   0,               0.005,              0.1875,           0.0086518,           0.0029639,             0.10258,             0.06156,                   0,           0.0003475,           0.0003475,           0.0003475
                 197,               0.111,            0.053374,                   0,               0.005,              0.1875,           0.0086518,           0.0029639,             0.10258,             0.06156,                   0,            0.000298,            0.000298,            0.000298
                 198,             0.10882,            0.037507,                   0,               0.005,              0.1875,           0.0086518,           0.0029639,             0.10258,             0.06156,                   0,           0.0002485,           0.0002485,           0.0002485
                 199,              0.1124,            0.057228,                   0,               0.005,              0.1875,           0.0086518,           0.0029639,             0.10258,             0.06156,                   0,            0.000199,            0.000199,            0.000199
